<?xml version="1.0" encoding="ISO-8859-1" ?>
<!-- Configuration test file that demonstrates the
     override and additional sections -->

<configuration>
  <additional>
    <hierarchicalXml fileName="testHierarchicalXMLConfiguration.xml"/>
    <hierarchicalXml fileName="testDigesterConfigurationInclude1.xml" at="tables"/>
    <properties fileName="testDigesterConfigurationInclude2.properties" at="mail"/>
  </additional>

  <override>
    <properties fileName="testDigesterConfigurationOverwrite.properties"/>
  </override>
</configuration>
