<?xml version="1.0"?>
<!DOCTYPE project [
    <!ENTITY ouml "&#246;">
]>
<!--
   Copyright 2001-2004 The Apache Software Foundation

   Licensed under the Apache License, Version 2.0 (the "License");
   you may not use this file except in compliance with the License.
   You may obtain a copy of the License at

       http://www.apache.org/licenses/LICENSE-2.0

   Unless required by applicable law or agreed to in writing, software
   distributed under the License is distributed on an "AS IS" BASIS,
   WITHOUT WARRANTIES OR CONDITIONS OF ANY KIND, either express or implied.
   See the License for the specific language governing permissions and
   limitations under the License.
-->

<!-- ===================================================================== -->
<!-- $Id: project.xml,v 1.33 2004/10/11 09:53:51 henning Exp $ -->
<!-- ===================================================================== -->
<project>
  <pomVersion>3</pomVersion>

  <id>commons-configuration</id>
  <currentVersion>1.0</currentVersion>
  <inceptionYear>2001</inceptionYear>
  <name>Commons Configuration</name>
  <shortDescription>Common Configuration</shortDescription>
  <description>
    Tools to assist in the reading of configuration/preferences files in
    various formats
  </description>
  <logo>/images/logo.png</logo>

  <url>http://jakarta.apache.org/commons/${pom.artifactId.substring(8)}/</url>
  <package>org.apache.commons.${pom.artifactId.substring(8)}</package>

  <organization>
    <name>The Apache Software Foundation</name>
    <url>http://jakarta.apache.org</url>
    <logo>http://jakarta.apache.org/images/original-jakarta-logo.gif</logo>
  </organization>

  <licenses>
	<license>
    	<name>The Apache Software License, Version 2.0</name>
    	<url>/LICENSE.txt</url>
    	<distribution>repo</distribution>
	</license>
  </licenses>

  <gumpRepositoryId>jakarta</gumpRepositoryId>
  <issueTrackingUrl>http://issues.apache.org/bugzilla/buglist.cgi?bug_status=NEW&amp;bug_status=ASSIGNED&amp;bug_status=REOPENED&amp;product=Commons&amp;component=Configuration</issueTrackingUrl>
  <siteAddress>jakarta.apache.org</siteAddress>
  <siteDirectory>/www/jakarta.apache.org/commons/${pom.artifactId.substring(8)}/</siteDirectory>
  <distributionSite>java.intermeta.de</distributionSite>
  <distributionDirectory>/webserver/java.intermeta.de/html/maven</distributionDirectory>

  <repository>
    <connection>scm:cvs:pserver:anoncvs@cvs.apache.org:/home/cvspublic:jakarta-commons/${pom.artifactId.substring(8)}</connection>
    <url>http://cvs.apache.org/viewcvs/jakarta-commons/${pom.artifactId.substring(8)}/</url>
  </repository>
  <versions>
    <version>
      <id>1.0-rc1</id>
      <name>1.0-rc1</name>
      <tag>CONFIGURATION_1_0_RC1</tag>
    </version>  
    <version>
      <id>1.0-rc2</id>
      <name>1.0-rc2</name>
      <tag>CONFIGURATION_1_0_RC2</tag>
    </version>    
    <version>
      <id>1.0</id>
      <name>1.0</name>
      <tag>CONFIGURATION_1_0</tag>
    </version>    
  </versions>
  <mailingLists>
    <mailingList>
      <name>Commons Dev List</name>
      <subscribe>commons-dev-subscribe@jakarta.apache.org</subscribe>
      <unsubscribe>commons-dev-unsubscribe@jakarta.apache.org</unsubscribe>
      <archive>http://nagoya.apache.org/eyebrowse/SummarizeList?listName=commons-dev@jakarta.apache.org</archive>
    </mailingList>
    <mailingList>
      <name>Commons User List</name>
      <subscribe>commons-user-subscribe@jakarta.apache.org</subscribe>
      <unsubscribe>commons-user-unsubscribe@jakarta.apache.org</unsubscribe>
      <archive>http://nagoya.apache.org/eyebrowse/SummarizeList?listName=commons-user@jakarta.apache.org</archive>
    </mailingList>
  </mailingLists>

  <branches>
  </branches>

  <developers>

    <developer>
      <name>Daniel Rall</name>
      <id>dlr</id>
      <email>dlr@finemaltcoding.com</email>
      <organization>CollabNet, Inc.</organization>
    </developer>

    <developer>
      <name>Jason van Zyl</name>
      <id>jvanzyl</id>
      <email>jason@zenplex.com</email>
      <organization>Zenplex</organization>
    </developer>

    <developer>
      <name>Martin Poeschl</name>
      <id>mpoeschl</id>
      <email>mpoeschl@marmot.at</email>
      <organization>tucana.at</organization>
    </developer>

    <developer>
      <name>dIon Gillard</name>
      <id>dion</id>
      <email>dion@multitask.com.au</email>
      <organization>Multitask Consulting</organization>
    </developer>

    <developer>
      <name>Henning P. Schmiedehausen</name>
      <id>henning</id>
      <email>hps@intermeta.de</email>
      <organization>INTERMETA - Gesellschaft fuer Mehrwertdienste mbH</organization>
      <timezone>2</timezone>
    </developer>

    <developer>
      <name>Eric Pugh</name>
      <id>epugh</id>
      <email>epugh@upstate.com</email>
      <organization>upstate.com</organization>
    </developer>

    <developer>
      <name>Brian E. Dunbar</name>
      <id>bdunbar</id>
      <email>bdunbar@dunbarconsulting.org</email>
      <organization>dunbarconsulting.org</organization>
    </developer>

    <developer>
      <name>Emmanuel Bourg</name>
      <id>ebourg</id>
      <email>smanux@lfjr.net</email>
    </developer>

  </developers>

  <contributors>

    <contributor>
      <name>Oliver Heger</name>
      <id>oheger</id>
      <email>oliver.heger@t-online.de</email>
    </contributor>

    <contributor>
      <name>J&ouml;rg Schaible</name>
      <id>jschaible</id>
      <email>joerg.schaible@gmx.de</email>
      <organization>Elsag-Solutions AG</organization>
      <timezone>+1</timezone>
    </contributor>

    <contributor>
      <name>Konstantin Shaposhnikov</name>
      <id>kshaposhnikov</id>
      <email>ksh@scand.com</email>
      <organization>scand.com</organization>
    </contributor>

  </contributors>

  <dependencies>
    <dependency>
      <groupId>commons-collections</groupId>
      <artifactId>commons-collections</artifactId>
      <version>3.0</version>
      <properties>
        <war.bundle>true</war.bundle>
      </properties>
    </dependency>

    <dependency>
      <groupId>commons-lang</groupId>
      <artifactId>commons-lang</artifactId>
      <version>2.0</version>
      <properties>
        <war.bundle>true</war.bundle>
      </properties>
    </dependency>

    <dependency>
      <groupId>dom4j</groupId>
      <artifactId>dom4j</artifactId>
      <version>1.4</version>
    </dependency>

    <dependency>
      <groupId>commons-logging</groupId>
      <artifactId>commons-logging</artifactId>
      <version>1.0.4</version>
      <properties>
        <war.bundle>true</war.bundle>
      </properties>
    </dependency>

    <dependency>
     <groupId>commons-digester</groupId>
      <artifactId>commons-digester</artifactId>
      <version>1.5</version>
      <properties>
        <war.bundle>true</war.bundle>
      </properties>
    </dependency>

    <dependency>
      <groupId>commons-beanutils</groupId>
      <artifactId>commons-beanutils-core</artifactId>
      <version>1.7.0</version>
      <properties>
        <war.bundle>true</war.bundle>
      </properties>
    </dependency>

    <dependency>
      <groupId>commons-beanutils</groupId>
      <artifactId>commons-beanutils-bean-collections</artifactId>
      <version>1.7.0</version>
      <properties>
        <war.bundle>true</war.bundle>
      </properties>
    </dependency>

    <dependency>
   	  <groupId>xerces</groupId>
      <artifactId>xerces</artifactId>
      <version>2.2.1</version>
      <url>http://xml.apache.org/xerces2-j/</url>
      <properties>
        <war.bundle>true</war.bundle>
      </properties>
    </dependency>

    <dependency>
   	  <groupId>xml-apis</groupId>
      <artifactId>xml-apis</artifactId>
      <version>2.0.2</version>
      <url>http://xml.apache.org/commons/</url>
      <properties>
        <war.bundle>true</war.bundle>
      </properties>
    </dependency>

    <!-- Needed for testing -->

    <dependency>
      <groupId>spice</groupId>
      <artifactId>spice-jndikit</artifactId>
      <version>1.1</version>
    </dependency>

    <dependency>
      <groupId>commons-dbcp</groupId>
      <artifactId>commons-dbcp</artifactId>
      <version>1.1</version>
    </dependency>

    <dependency>
      <groupId>commons-pool</groupId>
      <artifactId>commons-pool</artifactId>
      <version>1.1</version>
    </dependency>

    <dependency>
      <groupId>hsqldb</groupId>
      <artifactId>hsqldb</artifactId>
      <version>1.7.2.2</version>
    </dependency>

    <dependency>
      <groupId>dbunit</groupId>
      <artifactId>dbunit</artifactId>
      <version>2.1</version>
    </dependency>

    <dependency>
      <groupId>junit</groupId>
      <artifactId>junit</artifactId>
      <version>3.8.1</version>
    </dependency>

    <dependency>
      <groupId>junit-addons</groupId>
      <artifactId>junit-addons</artifactId>
      <version>1.4</version>
    </dependency>

    <!-- Fake dependency to test loading configuration files from a JAR -->
    <dependency>
      <id>resources</id>
      <version>1.0</version>
    </dependency>

   <dependency>
      <groupId>maven-plugins</groupId>
      <artifactId>maven-tasks-plugin</artifactId>
      <version>1.1.0</version>
      <url>http://maven-plugins.sourceforge.net/maven-tasks-plugin/</url>
      <type>plugin</type>
    </dependency>

    <dependency>
      <groupId>maven-plugins</groupId>
      <artifactId>maven-findbugs-plugin</artifactId>
      <version>0.8.4</version>
      <url>http://maven-plugins.sourceforge.net/maven-findbugs-plugin/</url>
      <type>plugin</type>
    </dependency>

  </dependencies>

  <build>
    <nagEmailAddress>commons-dev@jakarta.apache.org</nagEmailAddress>

    <sourceDirectory>src/java</sourceDirectory>
    <unitTestSourceDirectory>src/test</unitTestSourceDirectory>
    <integrationUnitTestSourceDirectory/>
    <aspectSourceDirectories/>

    <!-- Unit test classes -->
    <unitTest>
      <includes>
        <include>**/*Test*.java</include>
      </includes>
      <excludes>
        <exclude>**/TestBasePropertiesConfiguration.java</exclude>
        <exclude>**/NonStringTestHolder.java</exclude>
      </excludes>
      <resources>
        <resource>
          <directory>conf</directory>
          <includes>
            <include>*.xml</include>
          </includes>
        </resource>
        <resource>
          <directory>conf</directory>
          <includes>
            <include>testClasspath.properties</include>
            <include>testdb.script</include>
            <include>*.properties</include>
          </includes>
        </resource>
        <resource>
          <directory>conf</directory>
          <targetPath>org/apache/commons/configuration</targetPath>
          <includes>
            <include>test.properties</include>
            <include>include.properties</include>
          </includes>
        </resource>
        <resource>
          <directory>conf/config</directory>
          <targetPath>config</targetPath>
          <includes>
            <include>**/*.properties</include>
          </includes>
        </resource>
      </resources>
    </unitTest>

    <resources>
      <resource>
        <directory>conf</directory>
        <includes>
          <include>digesterRules.xml</include>
        </includes>
      </resource>
    </resources>
  </build>
  <reports>
    <report>maven-jdepend-plugin</report>
    <report>maven-checkstyle-plugin</report>
    <report>maven-changes-plugin</report>
    <report>maven-changelog-plugin</report>
    <report>maven-file-activity-plugin</report>
    <report>maven-developer-activity-plugin</report>
    <report>maven-javadoc-plugin</report>
    <report>maven-jxr-plugin</report>
    <report>maven-junit-report-plugin</report>
    <report>maven-tasklist-plugin</report>
    <report>maven-pmd-plugin</report>
    <report>maven-simian-plugin</report>
    <report>maven-faq-plugin</report>
    <report>maven-jcoverage-plugin</report>
    <report>maven-tasks-plugin</report>
    <report>maven-findbugs-plugin</report>
  </reports>
</project>
