<?xml version="1.0" encoding="ISO-8859-1"?>
<!DOCTYPE org.apache.commons.menus SYSTEM '../../commons-build/menus/menus.dtd'>
<project name="Configuration">

  <title>Configuration</title>
  <organizationLogo href="/images/jakarta-logo-blue.gif">
   Jakarta
  </organizationLogo>

  <body>
    <links>
      <item name="Jakarta Commons" href="http://jakarta.apache.org/commons/"/>
    </links>

	<menu name="Configuration">
      <item name="Home"                         href="/index.html"/>  
      <item name="Overview"                     href="/overview.html"/>
      <item name="Simple Howto"                 href="/howto_properties.html"/>
      <item name="ConfigurationFactory Howto"   href="/howto_configurationfactory.html"/>      
      <item name="XML Howto"                    href="/howto_xml.html"/>
      <item name="Composite Config Howto"       href="/howto_compositeconfiguration.html"/>
      <item name="Runtime Dependencies"         href="/dependencies.html"/>
      <item name="Roadmap"                      href="/tasks-report.html"/>
      <item name="Javadoc"                      href="/apidocs/index.html"/>
    </menu>

    <menu name="Extensions">
      <item name="Avalon Component" href="http://jakarta.apache.org/turbine/fulcrum/fulcrum-configuration/index.html"/>
    </menu>

    &common-menus;

  </body>
</project>
